Panel,Logical_Rack_Cd,Slot_Cd,Rack_And_Slot,IO_Card_Type_Cd,Rack_Status,EPlan_Card_Typical,Card_Drawing_Number,Terminal_Block,Card_Drawing_Revision_ID,Revision_Order,Revision_Cd,Revision_Desc,Revision_Dt,Drafter_Initials,Engineer_Initials,Is_Hidden,Card_Drawing_File,Point_Cnt,Card_Typical,IO_Card_ID,IO_Slot_ID,IO_Rack_ID,Revision_ID,Site_ID,Username
PLC01: STANDARD PANEL 2 DAY 1 EXERCISE,R01A,00,R01A:00,1756-L81E,,,401,,36E4EE46-800B-F111-A096-005056BE0E49,1,C,IN OFFICE ISSUE SECOND,2/18/2026 0:00,DDD,EEE,0,,,AB-56-L81E-X-X-X-X-X,367DDD3E-3F75-4F44-B7C4-019C4ED23FF8,C9BD10FD-E8F2-4773-934E-019C4ED1CF1C,3E06229C-4537-420C-B2FA-019C4ED1CEC3,5088DE78-5449-4330-931F-019C4ECD64DA,55499001-0A74-4983-9858-019C4ECD64D5,
PLC01: STANDARD PANEL 2 DAY 1 EXERCISE,R01A,00,R01A:00,1756-L81E,,,401,,2E435920-800B-F111-A096-005056BE0E49,2,B,IN OFFICE ISSUE,2/17/2026 0:00,DDD,EEE,0,,,AB-56-L81E-X-X-X-X-X,367DDD3E-3F75-4F44-B7C4-019C4ED23FF8,C9BD10FD-E8F2-4773-934E-019C4ED1CF1C,3E06229C-4537-420C-B2FA-019C4ED1CEC3,5088DE78-5449-4330-931F-019C4ECD64DA,55499001-0A74-4983-9858-019C4ECD64D5,
PLC01: STANDARD PANEL 2 DAY 1 EXERCISE,R01A,00,R01A:00,1756-L81E,,,401,,7A857BD5-7F0B-F111-A096-005056BE0E49,3,A,IN OFFICE ISSUE,2/16/2026 0:00,AAA,BBB,0,,,AB-56-L81E-X-X-X-X-X,367DDD3E-3F75-4F44-B7C4-019C4ED23FF8,C9BD10FD-E8F2-4773-934E-019C4ED1CF1C,3E06229C-4537-420C-B2FA-019C4ED1CEC3,5088DE78-5449-4330-931F-019C4ECD64DA,55499001-0A74-4983-9858-019C4ECD64D5,
PLC01: STANDARD PANEL 2 DAY 1 EXERCISE,R01A,01,R01A:01,1756-EN2TR,,,402,,37E4EE46-800B-F111-A096-005056BE0E49,1,B,IN OFFICE ISSUE SECOND,2/18/2026 0:00,DDD,EEE,0,,,AB-56-EN2TR-X-X-X-1COM-X,F388444C-BC11-4EAD-AF3E-019C4ED26049,50920818-35C1-4A30-B9E1-019C4ED1CF1C,3E06229C-4537-420C-B2FA-019C4ED1CEC3,5088DE78-5449-4330-931F-019C4ECD64DA,55499001-0A74-4983-9858-019C4ECD64D5,
PLC01: STANDARD PANEL 2 DAY 1 EXERCISE,R01A,01,R01A:01,1756-EN2TR,,,402,,7B857BD5-7F0B-F111-A096-005056BE0E49,2,A,IN OFFICE ISSUE,2/16/2026 0:00,AAA,BBB,0,,,AB-56-EN2TR-X-X-X-1COM-X,F388444C-BC11-4EAD-AF3E-019C4ED26049,50920818-35C1-4A30-B9E1-019C4ED1CF1C,3E06229C-4537-420C-B2FA-019C4ED1CEC3,5088DE78-5449-4330-931F-019C4ECD64DA,55499001-0A74-4983-9858-019C4ECD64D5,
PLC01: STANDARD PANEL 2 DAY 1 EXERCISE,R01A,02,R01A:02,1756-OF8,,"PN:=""1756-OF8"";CW:=""AO-C"";TS:=""F;L&G2|PXC|24V""",403,TB1A,38E4EE46-800B-F111-A096-005056BE0E49,1,B,IN OFFICE ISSUE SECOND,2/18/2026 0:00,DDD,EEE,0,,8,AB-56-OF8-F-IC-MT-C-X,DF28E449-76BD-43E5-9C5A-019C4ED2A09E,B2030BA3-9646-4101-94EB-019C4ED1CF1C,3E06229C-4537-420C-B2FA-019C4ED1CEC3,5088DE78-5449-4330-931F-019C4ECD64DA,55499001-0A74-4983-9858-019C4ECD64D5,
PLC01: STANDARD PANEL 2 DAY 1 EXERCISE,R01A,02,R01A:02,1756-OF8,,"PN:=""1756-OF8"";CW:=""AO-C"";TS:=""F;L&G2|PXC|24V""",403,TB1A,7C857BD5-7F0B-F111-A096-005056BE0E49,2,A,IN OFFICE ISSUE,2/16/2026 0:00,AAA,BBB,0,,8,AB-56-OF8-F-IC-MT-C-X,DF28E449-76BD-43E5-9C5A-019C4ED2A09E,B2030BA3-9646-4101-94EB-019C4ED1CF1C,3E06229C-4537-420C-B2FA-019C4ED1CEC3,5088DE78-5449-4330-931F-019C4ECD64DA,55499001-0A74-4983-9858-019C4ECD64D5,
PLC01: STANDARD PANEL 2 DAY 1 EXERCISE,R01A,03,R01A:03,1756-OF8,,"PN:=""1756-OF8"";CW:=""AO-C"";TS:=""F;L&G2|PXC|24V""",404,TB1B,39E4EE46-800B-F111-A096-005056BE0E49,1,B,IN OFFICE ISSUE SECOND,2/18/2026 0:00,DDD,EEE,0,,8,AB-56-OF8-F-IC-MT-C-X,AF1F552A-49D8-4DFD-B983-019C4ED2D90C,14C3446F-32E7-443C-A824-019C4ED1CF1C,3E06229C-4537-420C-B2FA-019C4ED1CEC3,5088DE78-5449-4330-931F-019C4ECD64DA,55499001-0A74-4983-9858-019C4ECD64D5,
PLC01: STANDARD PANEL 2 DAY 1 EXERCISE,R01A,03,R01A:03,1756-OF8,,"PN:=""1756-OF8"";CW:=""AO-C"";TS:=""F;L&G2|PXC|24V""",404,TB1B,7D857BD5-7F0B-F111-A096-005056BE0E49,2,A,IN OFFICE ISSUE,2/16/2026 0:00,AAA,BBB,0,,8,AB-56-OF8-F-IC-MT-C-X,AF1F552A-49D8-4DFD-B983-019C4ED2D90C,14C3446F-32E7-443C-A824-019C4ED1CF1C,3E06229C-4537-420C-B2FA-019C4ED1CEC3,5088DE78-5449-4330-931F-019C4ECD64DA,55499001-0A74-4983-9858-019C4ECD64D5,
PLC01: STANDARD PANEL 2 DAY 1 EXERCISE,R01A,04,R01A:04,1756-IF16,,"PN:=""1756-IF16"";CW:=""AI-C-LP"";TS:=""Fj;L&G2|PXC|24V""",405,TB1C,3AE4EE46-800B-F111-A096-005056BE0E49,1,B,IN OFFICE ISSUE SECOND,2/18/2026 0:00,DDD,EEE,0,,16,AB-56-IF16-F-IC-MTG-SEC-X,B127DC43-213B-494C-86BE-019C4ED2FA24,2ED5970D-2EAE-41BD-8824-019C4ED1CF1C,3E06229C-4537-420C-B2FA-019C4ED1CEC3,5088DE78-5449-4330-931F-019C4ECD64DA,55499001-0A74-4983-9858-019C4ECD64D5,
PLC01: STANDARD PANEL 2 DAY 1 EXERCISE,R01A,04,R01A:04,1756-IF16,,"PN:=""1756-IF16"";CW:=""AI-C-LP"";TS:=""Fj;L&G2|PXC|24V""",405,TB1C,7E857BD5-7F0B-F111-A096-005056BE0E49,2,A,IN OFFICE ISSUE,2/16/2026 0:00,AAA,BBB,0,,16,AB-56-IF16-F-IC-MTG-SEC-X,B127DC43-213B-494C-86BE-019C4ED2FA24,2ED5970D-2EAE-41BD-8824-019C4ED1CF1C,3E06229C-4537-420C-B2FA-019C4ED1CEC3,5088DE78-5449-4330-931F-019C4ECD64DA,55499001-0A74-4983-9858-019C4ECD64D5,
PLC01: STANDARD PANEL 2 DAY 1 EXERCISE,R01A,05,R01A:05,1756-N2,,"PN:=""1756-N2"";CW:=""BLANK""",406,,3BE4EE46-800B-F111-A096-005056BE0E49,1,B,IN OFFICE ISSUE SECOND,2/18/2026 0:00,DDD,EEE,0,,,AB-56-N2-X-X-X-X-11X17,DA8A80DF-5144-45C0-B341-019C4ED31AA7,B2C2BB42-A6BB-4CC4-A515-019C4ED1CF1C,3E06229C-4537-420C-B2FA-019C4ED1CEC3,5088DE78-5449-4330-931F-019C4ECD64DA,55499001-0A74-4983-9858-019C4ECD64D5,
PLC01: STANDARD PANEL 2 DAY 1 EXERCISE,R01A,05,R01A:05,1756-N2,,"PN:=""1756-N2"";CW:=""BLANK""",406,,7F857BD5-7F0B-F111-A096-005056BE0E49,2,A,IN OFFICE ISSUE,2/16/2026 0:00,AAA,BBB,0,,,AB-56-N2-X-X-X-X-11X17,DA8A80DF-5144-45C0-B341-019C4ED31AA7,B2C2BB42-A6BB-4CC4-A515-019C4ED1CF1C,3E06229C-4537-420C-B2FA-019C4ED1CEC3,5088DE78-5449-4330-931F-019C4ECD64DA,55499001-0A74-4983-9858-019C4ECD64D5,
PLC01: STANDARD PANEL 2 DAY 1 EXERCISE,R01A,06,R01A:06,1756-N2,,"PN:=""1756-N2"";CW:=""BLANK""",407,,3CE4EE46-800B-F111-A096-005056BE0E49,1,B,IN OFFICE ISSUE SECOND,2/18/2026 0:00,DDD,EEE,0,,,AB-56-N2-X-X-X-X-11X17,3EC42E08-85BB-4D52-BA38-019C4ED33836,C9280136-4514-4F89-9297-019C4ED1CF1C,3E06229C-4537-420C-B2FA-019C4ED1CEC3,5088DE78-5449-4330-931F-019C4ECD64DA,55499001-0A74-4983-9858-019C4ECD64D5,
PLC01: STANDARD PANEL 2 DAY 1 EXERCISE,R01A,06,R01A:06,1756-N2,,"PN:=""1756-N2"";CW:=""BLANK""",407,,80857BD5-7F0B-F111-A096-005056BE0E49,2,A,IN OFFICE ISSUE,2/16/2026 0:00,AAA,BBB,0,,,AB-56-N2-X-X-X-X-11X17,3EC42E08-85BB-4D52-BA38-019C4ED33836,C9280136-4514-4F89-9297-019C4ED1CF1C,3E06229C-4537-420C-B2FA-019C4ED1CEC3,5088DE78-5449-4330-931F-019C4ECD64DA,55499001-0A74-4983-9858-019C4ECD64D5,
PLC01: STANDARD PANEL 2 DAY 1 EXERCISE,R01A,07,R01A:07,1756-N2,,"PN:=""1756-N2"";CW:=""BLANK""",408,,3DE4EE46-800B-F111-A096-005056BE0E49,1,B,IN OFFICE ISSUE SECOND,2/18/2026 0:00,DDD,EEE,0,,,AB-56-N2-X-X-X-X-11X17,D982F3B0-DE6C-46D7-ADA3-019C4ED47C66,E4E32331-4D1E-49A5-AB9D-019C4ED1CF1C,3E06229C-4537-420C-B2FA-019C4ED1CEC3,5088DE78-5449-4330-931F-019C4ECD64DA,55499001-0A74-4983-9858-019C4ECD64D5,
PLC01: STANDARD PANEL 2 DAY 1 EXERCISE,R01A,07,R01A:07,1756-N2,,"PN:=""1756-N2"";CW:=""BLANK""",408,,81857BD5-7F0B-F111-A096-005056BE0E49,2,A,IN OFFICE ISSUE,2/16/2026 0:00,AAA,BBB,0,,,AB-56-N2-X-X-X-X-11X17,D982F3B0-DE6C-46D7-ADA3-019C4ED47C66,E4E32331-4D1E-49A5-AB9D-019C4ED1CF1C,3E06229C-4537-420C-B2FA-019C4ED1CEC3,5088DE78-5449-4330-931F-019C4ECD64DA,55499001-0A74-4983-9858-019C4ECD64D5,
PLC01: STANDARD PANEL 2 DAY 1 EXERCISE,R01A,08,R01A:08,1756-N2,,"PN:=""1756-N2"";CW:=""BLANK""",409,,3EE4EE46-800B-F111-A096-005056BE0E49,1,B,IN OFFICE ISSUE SECOND,2/18/2026 0:00,DDD,EEE,0,,,AB-56-N2-X-X-X-X-11X17,67BE0E08-8FB7-40E7-BF8A-019C4ED497AD,F4F4690C-61A4-4FA2-BEB0-019C4ED1CF1C,3E06229C-4537-420C-B2FA-019C4ED1CEC3,5088DE78-5449-4330-931F-019C4ECD64DA,55499001-0A74-4983-9858-019C4ECD64D5,
PLC01: STANDARD PANEL 2 DAY 1 EXERCISE,R01A,08,R01A:08,1756-N2,,"PN:=""1756-N2"";CW:=""BLANK""",409,,82857BD5-7F0B-F111-A096-005056BE0E49,2,A,IN OFFICE ISSUE,2/16/2026 0:00,AAA,BBB,0,,,AB-56-N2-X-X-X-X-11X17,67BE0E08-8FB7-40E7-BF8A-019C4ED497AD,F4F4690C-61A4-4FA2-BEB0-019C4ED1CF1C,3E06229C-4537-420C-B2FA-019C4ED1CEC3,5088DE78-5449-4330-931F-019C4ECD64DA,55499001-0A74-4983-9858-019C4ECD64D5,
PLC01: STANDARD PANEL 2 DAY 1 EXERCISE,R01A,09,R01A:09,1756-N2,,"PN:=""1756-N2"";CW:=""BLANK""",410,,3FE4EE46-800B-F111-A096-005056BE0E49,1,B,IN OFFICE ISSUE SECOND,2/18/2026 0:00,DDD,EEE,0,,,AB-56-N2-X-X-X-X-11X17,D550CE1D-7AD7-4233-B8BE-019C4ED4B650,F2EECD4F-CD1A-47BE-83A4-019C4ED1CF1C,3E06229C-4537-420C-B2FA-019C4ED1CEC3,5088DE78-5449-4330-931F-019C4ECD64DA,55499001-0A74-4983-9858-019C4ECD64D5,
PLC01: STANDARD PANEL 2 DAY 1 EXERCISE,R01A,09,R01A:09,1756-N2,,"PN:=""1756-N2"";CW:=""BLANK""",410,,83857BD5-7F0B-F111-A096-005056BE0E49,2,A,IN OFFICE ISSUE,2/16/2026 0:00,AAA,BBB,0,,,AB-56-N2-X-X-X-X-11X17,D550CE1D-7AD7-4233-B8BE-019C4ED4B650,F2EECD4F-CD1A-47BE-83A4-019C4ED1CF1C,3E06229C-4537-420C-B2FA-019C4ED1CEC3,5088DE78-5449-4330-931F-019C4ECD64DA,55499001-0A74-4983-9858-019C4ECD64D5,
PLC01: STANDARD PANEL 2 DAY 1 EXERCISE,R01A,10,R01A:10,1756-N2,,"PN:=""1756-N2"";CW:=""BLANK""",411,,40E4EE46-800B-F111-A096-005056BE0E49,1,B,IN OFFICE ISSUE SECOND,2/18/2026 0:00,DDD,EEE,0,,,AB-56-N2-X-X-X-X-11X17,E42579F0-2BED-43D7-9149-019C4ED4EC55,CC1F197D-D9E8-422C-B197-019C4ED1CF1C,3E06229C-4537-420C-B2FA-019C4ED1CEC3,5088DE78-5449-4330-931F-019C4ECD64DA,55499001-0A74-4983-9858-019C4ECD64D5,
PLC01: STANDARD PANEL 2 DAY 1 EXERCISE,R01A,10,R01A:10,1756-N2,,"PN:=""1756-N2"";CW:=""BLANK""",411,,84857BD5-7F0B-F111-A096-005056BE0E49,2,A,IN OFFICE ISSUE,2/16/2026 0:00,AAA,BBB,0,,,AB-56-N2-X-X-X-X-11X17,E42579F0-2BED-43D7-9149-019C4ED4EC55,CC1F197D-D9E8-422C-B197-019C4ED1CF1C,3E06229C-4537-420C-B2FA-019C4ED1CEC3,5088DE78-5449-4330-931F-019C4ECD64DA,55499001-0A74-4983-9858-019C4ECD64D5,
PLC01: STANDARD PANEL 2 DAY 1 EXERCISE,R01A,11,R01A:11,1756-IB32,,"PN:=""1756-IB32"";CW:=""DCI"";TS:=""Lj;L&Lc|PXC|24V""",412,TB5E,41E4EE46-800B-F111-A096-005056BE0E49,1,B,IN OFFICE ISSUE SECOND,2/18/2026 0:00,DDD,EEE,0,,32,AB-56-IB32-NF-IC-MT-SK-X,7873BD6A-ECE8-4807-AE4F-019C4ED44820,DEE0C656-4DC3-4FE8-B5D0-019C4ED1CF1C,3E06229C-4537-420C-B2FA-019C4ED1CEC3,5088DE78-5449-4330-931F-019C4ECD64DA,55499001-0A74-4983-9858-019C4ECD64D5,
PLC01: STANDARD PANEL 2 DAY 1 EXERCISE,R01A,11,R01A:11,1756-IB32,,"PN:=""1756-IB32"";CW:=""DCI"";TS:=""Lj;L&Lc|PXC|24V""",412,TB5E,85857BD5-7F0B-F111-A096-005056BE0E49,2,A,IN OFFICE ISSUE,2/16/2026 0:00,AAA,BBB,0,,32,AB-56-IB32-NF-IC-MT-SK-X,7873BD6A-ECE8-4807-AE4F-019C4ED44820,DEE0C656-4DC3-4FE8-B5D0-019C4ED1CF1C,3E06229C-4537-420C-B2FA-019C4ED1CEC3,5088DE78-5449-4330-931F-019C4ECD64DA,55499001-0A74-4983-9858-019C4ECD64D5,
PLC01: STANDARD PANEL 2 DAY 1 EXERCISE,R01A,12,R01A:12,1756-OB16E,,"PN:=""1756-OB16E"";CW:=""DCO"";TS:=""Lh&F;Lj|PXC|24V""",413,TB5D,42E4EE46-800B-F111-A096-005056BE0E49,1,B,IN OFFICE ISSUE SECOND,2/18/2026 0:00,DDD,EEE,0,,16,AB-56-OB16E-F-IC-MT-X-X,ED25E335-496C-47D8-923F-019C4ED41F7C,FC75C914-FBE7-43DA-8AF0-019C4ED1CF1C,3E06229C-4537-420C-B2FA-019C4ED1CEC3,5088DE78-5449-4330-931F-019C4ECD64DA,55499001-0A74-4983-9858-019C4ECD64D5,
PLC01: STANDARD PANEL 2 DAY 1 EXERCISE,R01A,12,R01A:12,1756-OB16E,,"PN:=""1756-OB16E"";CW:=""DCO"";TS:=""Lh&F;Lj|PXC|24V""",413,TB5D,86857BD5-7F0B-F111-A096-005056BE0E49,2,A,IN OFFICE ISSUE,2/16/2026 0:00,AAA,BBB,0,,16,AB-56-OB16E-F-IC-MT-X-X,ED25E335-496C-47D8-923F-019C4ED41F7C,FC75C914-FBE7-43DA-8AF0-019C4ED1CF1C,3E06229C-4537-420C-B2FA-019C4ED1CEC3,5088DE78-5449-4330-931F-019C4ECD64DA,55499001-0A74-4983-9858-019C4ECD64D5,
PLC01: STANDARD PANEL 2 DAY 1 EXERCISE,R01A,13,R01A:13,1756-IA16,,"PN:=""1756-IA16"";CW:=""DI"";TS:=""Lj;L&Lc|PXC|120V""",414,TB5C,43E4EE46-800B-F111-A096-005056BE0E49,1,B,IN OFFICE ISSUE SECOND,2/18/2026 0:00,DDD,EEE,0,,16,AB-56-IA16-NF-IC-MT-X-X,9796E86A-E093-4BB2-BE66-019C4ED3EFFA,B3F8B420-E1D3-4104-B293-019C4ED1CF1C,3E06229C-4537-420C-B2FA-019C4ED1CEC3,5088DE78-5449-4330-931F-019C4ECD64DA,55499001-0A74-4983-9858-019C4ECD64D5,
PLC01: STANDARD PANEL 2 DAY 1 EXERCISE,R01A,13,R01A:13,1756-IA16,,"PN:=""1756-IA16"";CW:=""DI"";TS:=""Lj;L&Lc|PXC|120V""",414,TB5C,87857BD5-7F0B-F111-A096-005056BE0E49,2,A,IN OFFICE ISSUE,2/16/2026 0:00,AAA,BBB,0,,16,AB-56-IA16-NF-IC-MT-X-X,9796E86A-E093-4BB2-BE66-019C4ED3EFFA,B3F8B420-E1D3-4104-B293-019C4ED1CF1C,3E06229C-4537-420C-B2FA-019C4ED1CEC3,5088DE78-5449-4330-931F-019C4ECD64DA,55499001-0A74-4983-9858-019C4ECD64D5,
PLC01: STANDARD PANEL 2 DAY 1 EXERCISE,R01A,14,R01A:14,1756-OB16E,,"PN:=""1756-OB16E"";CW:=""DCO"";TS:=""Lh&F;Lj|PXC|24V""",415,TB5B,44E4EE46-800B-F111-A096-005056BE0E49,1,B,IN OFFICE ISSUE SECOND,2/18/2026 0:00,DDD,EEE,0,,16,AB-56-OB16E-F-IC-MT-X-X,F41BDA4C-2583-42CB-848F-019C4ED3BA70,51F5DDCC-B19A-4BFF-AE64-019C4ED1CF1D,3E06229C-4537-420C-B2FA-019C4ED1CEC3,5088DE78-5449-4330-931F-019C4ECD64DA,55499001-0A74-4983-9858-019C4ECD64D5,
PLC01: STANDARD PANEL 2 DAY 1 EXERCISE,R01A,14,R01A:14,1756-OB16E,,"PN:=""1756-OB16E"";CW:=""DCO"";TS:=""Lh&F;Lj|PXC|24V""",415,TB5B,88857BD5-7F0B-F111-A096-005056BE0E49,2,A,IN OFFICE ISSUE,2/16/2026 0:00,AAA,BBB,0,,16,AB-56-OB16E-F-IC-MT-X-X,F41BDA4C-2583-42CB-848F-019C4ED3BA70,51F5DDCC-B19A-4BFF-AE64-019C4ED1CF1D,3E06229C-4537-420C-B2FA-019C4ED1CEC3,5088DE78-5449-4330-931F-019C4ECD64DA,55499001-0A74-4983-9858-019C4ECD64D5,
PLC01: STANDARD PANEL 2 DAY 1 EXERCISE,R01A,15,R01A:15,1756-IA16,,"PN:=""1756-IA16"";CW:=""DI"";TS:=""Lj;L&Lc|PXC|120V""",416,TB5A,45E4EE46-800B-F111-A096-005056BE0E49,1,B,IN OFFICE ISSUE SECOND,2/18/2026 0:00,DDD,EEE,0,,16,AB-56-IA16-NF-IC-MT-X-X,B0798594-98EE-4730-851A-019C4ED38757,609A855F-84FB-4178-8592-019C4ED1CF1D,3E06229C-4537-420C-B2FA-019C4ED1CEC3,5088DE78-5449-4330-931F-019C4ECD64DA,55499001-0A74-4983-9858-019C4ECD64D5,
PLC01: STANDARD PANEL 2 DAY 1 EXERCISE,R01A,15,R01A:15,1756-IA16,,"PN:=""1756-IA16"";CW:=""DI"";TS:=""Lj;L&Lc|PXC|120V""",416,TB5A,89857BD5-7F0B-F111-A096-005056BE0E49,2,A,IN OFFICE ISSUE,2/16/2026 0:00,AAA,BBB,0,,16,AB-56-IA16-NF-IC-MT-X-X,B0798594-98EE-4730-851A-019C4ED38757,609A855F-84FB-4178-8592-019C4ED1CF1D,3E06229C-4537-420C-B2FA-019C4ED1CEC3,5088DE78-5449-4330-931F-019C4ECD64DA,55499001-0A74-4983-9858-019C4ECD64D5,
PLC01: STANDARD PANEL 2 DAY 1 EXERCISE,R01A,16,R01A:16,1756-EN2TR,,,417,,46E4EE46-800B-F111-A096-005056BE0E49,1,B,IN OFFICE ISSUE SECOND,2/18/2026 0:00,DDD,EEE,0,,,AB-56-EN2TR-X-X-X-1COM-X,B7E8A75F-1797-4621-888E-019C4ED35C92,3CAB7CB2-E998-43A8-A324-019C4ED1CF1D,3E06229C-4537-420C-B2FA-019C4ED1CEC3,5088DE78-5449-4330-931F-019C4ECD64DA,55499001-0A74-4983-9858-019C4ECD64D5,
PLC01: STANDARD PANEL 2 DAY 1 EXERCISE,R01A,16,R01A:16,1756-EN2TR,,,417,,8A857BD5-7F0B-F111-A096-005056BE0E49,2,A,IN OFFICE ISSUE,2/16/2026 0:00,AAA,BBB,0,,,AB-56-EN2TR-X-X-X-1COM-X,B7E8A75F-1797-4621-888E-019C4ED35C92,3CAB7CB2-E998-43A8-A324-019C4ED1CF1D,3E06229C-4537-420C-B2FA-019C4ED1CEC3,5088DE78-5449-4330-931F-019C4ECD64DA,55499001-0A74-4983-9858-019C4ECD64D5,
PLC02: STANDARD PANEL 2 DAY 2 EXERCISE,R02A,00,R02A:00,1756-L83EP,,,401,,47E4EE46-800B-F111-A096-005056BE0E49,1,B,IN OFFICE ISSUE SECOND,2/18/2026 0:00,DDD,EEE,0,,,AB-56-L83EP-X-X-X-X-X,EF8828BC-C871-4712-BD08-019C4ED9E9B2,64BC7B12-E2BE-4EA1-A22A-019C4ED20813,1EB3DE78-1AE0-40AA-8722-019C4ED207C3,5088DE78-5449-4330-931F-019C4ECD64DA,55499001-0A74-4983-9858-019C4ECD64D5,
PLC02: STANDARD PANEL 2 DAY 2 EXERCISE,R02A,00,R02A:00,1756-L83EP,,,401,,8B857BD5-7F0B-F111-A096-005056BE0E49,2,A,IN OFFICE ISSUE,2/16/2026 0:00,AAA,BBB,0,,,AB-56-L83EP-X-X-X-X-X,EF8828BC-C871-4712-BD08-019C4ED9E9B2,64BC7B12-E2BE-4EA1-A22A-019C4ED20813,1EB3DE78-1AE0-40AA-8722-019C4ED207C3,5088DE78-5449-4330-931F-019C4ECD64DA,55499001-0A74-4983-9858-019C4ECD64D5,
PLC02: STANDARD PANEL 2 DAY 2 EXERCISE,R02A,01,R02A:01,1756-IF16H,,"PN:=""1756-IF16H"";CW:=""AI-C-LP"";TS:=""Fj;L&G2|PXC|24V""",402,TB1A,349FE15F-840B-F111-A096-005056BE0E49,1,0,ORIGINAL ISSUE,2/19/2026 0:00,DDD,EEE,0,,16,AB-56-IF16H-F-IC-MTG-SEC-X,CD54F2D5-BA6B-45B2-8243-019C4EDA1D75,9794A06B-C886-4173-A23B-019C4ED20813,1EB3DE78-1AE0-40AA-8722-019C4ED207C3,5088DE78-5449-4330-931F-019C4ECD64DA,55499001-0A74-4983-9858-019C4ECD64D5,
PLC02: STANDARD PANEL 2 DAY 2 EXERCISE,R02A,01,R02A:01,1756-IF16H,,"PN:=""1756-IF16H"";CW:=""AI-C-LP"";TS:=""Fj;L&G2|PXC|24V""",402,TB1A,48E4EE46-800B-F111-A096-005056BE0E49,,B,IN OFFICE ISSUE SECOND,2/18/2026 0:00,DDD,EEE,1,,16,AB-56-IF16H-F-IC-MTG-SEC-X,CD54F2D5-BA6B-45B2-8243-019C4EDA1D75,9794A06B-C886-4173-A23B-019C4ED20813,1EB3DE78-1AE0-40AA-8722-019C4ED207C3,5088DE78-5449-4330-931F-019C4ECD64DA,55499001-0A74-4983-9858-019C4ECD64D5,
PLC02: STANDARD PANEL 2 DAY 2 EXERCISE,R02A,01,R02A:01,1756-IF16H,,"PN:=""1756-IF16H"";CW:=""AI-C-LP"";TS:=""Fj;L&G2|PXC|24V""",402,TB1A,8C857BD5-7F0B-F111-A096-005056BE0E49,,A,IN OFFICE ISSUE,2/16/2026 0:00,AAA,BBB,1,,16,AB-56-IF16H-F-IC-MTG-SEC-X,CD54F2D5-BA6B-45B2-8243-019C4EDA1D75,9794A06B-C886-4173-A23B-019C4ED20813,1EB3DE78-1AE0-40AA-8722-019C4ED207C3,5088DE78-5449-4330-931F-019C4ECD64DA,55499001-0A74-4983-9858-019C4ECD64D5,
PLC02: STANDARD PANEL 2 DAY 2 EXERCISE,R02A,02,R02A:02,1756-N2,,"PN:=""1756-N2"";CW:=""BLANK""",403,,359FE15F-840B-F111-A096-005056BE0E49,1,0,ORIGINAL ISSUE,2/19/2026 0:00,DDD,EEE,0,,,AB-56-N2-X-X-X-X-11X17,4DFCA2F6-FA0D-40CD-B642-019C4EDA5696,7EFA5D2B-D771-46F4-9A82-019C4ED20813,1EB3DE78-1AE0-40AA-8722-019C4ED207C3,5088DE78-5449-4330-931F-019C4ECD64DA,55499001-0A74-4983-9858-019C4ECD64D5,
PLC02: STANDARD PANEL 2 DAY 2 EXERCISE,R02A,02,R02A:02,1756-N2,,"PN:=""1756-N2"";CW:=""BLANK""",403,,49E4EE46-800B-F111-A096-005056BE0E49,,B,IN OFFICE ISSUE SECOND,2/18/2026 0:00,DDD,EEE,1,,,AB-56-N2-X-X-X-X-11X17,4DFCA2F6-FA0D-40CD-B642-019C4EDA5696,7EFA5D2B-D771-46F4-9A82-019C4ED20813,1EB3DE78-1AE0-40AA-8722-019C4ED207C3,5088DE78-5449-4330-931F-019C4ECD64DA,55499001-0A74-4983-9858-019C4ECD64D5,
PLC02: STANDARD PANEL 2 DAY 2 EXERCISE,R02A,02,R02A:02,1756-N2,,"PN:=""1756-N2"";CW:=""BLANK""",403,,8D857BD5-7F0B-F111-A096-005056BE0E49,,A,IN OFFICE ISSUE,2/16/2026 0:00,AAA,BBB,1,,,AB-56-N2-X-X-X-X-11X17,4DFCA2F6-FA0D-40CD-B642-019C4EDA5696,7EFA5D2B-D771-46F4-9A82-019C4ED20813,1EB3DE78-1AE0-40AA-8722-019C4ED207C3,5088DE78-5449-4330-931F-019C4ECD64DA,55499001-0A74-4983-9858-019C4ECD64D5,
PLC02: STANDARD PANEL 2 DAY 2 EXERCISE,R02A,03,R02A:03,1756-N2,,"PN:=""1756-N2"";CW:=""BLANK""",404,,4AE4EE46-800B-F111-A096-005056BE0E49,1,B,IN OFFICE ISSUE SECOND,2/18/2026 0:00,DDD,EEE,0,,,AB-56-N2-X-X-X-X-11X17,3201D89E-2B21-4A51-9E0D-019C4EDA7ECC,2C613F59-7240-41C0-B288-019C4ED20813,1EB3DE78-1AE0-40AA-8722-019C4ED207C3,5088DE78-5449-4330-931F-019C4ECD64DA,55499001-0A74-4983-9858-019C4ECD64D5,
PLC02: STANDARD PANEL 2 DAY 2 EXERCISE,R02A,03,R02A:03,1756-N2,,"PN:=""1756-N2"";CW:=""BLANK""",404,,8E857BD5-7F0B-F111-A096-005056BE0E49,2,A,IN OFFICE ISSUE,2/16/2026 0:00,AAA,BBB,0,,,AB-56-N2-X-X-X-X-11X17,3201D89E-2B21-4A51-9E0D-019C4EDA7ECC,2C613F59-7240-41C0-B288-019C4ED20813,1EB3DE78-1AE0-40AA-8722-019C4ED207C3,5088DE78-5449-4330-931F-019C4ECD64DA,55499001-0A74-4983-9858-019C4ECD64D5,
PLC02: STANDARD PANEL 2 DAY 2 EXERCISE,R02A,04,R02A:04,1756-N2,,"PN:=""1756-N2"";CW:=""BLANK""",405,,4BE4EE46-800B-F111-A096-005056BE0E49,1,B,IN OFFICE ISSUE SECOND,2/18/2026 0:00,DDD,EEE,0,,,AB-56-N2-X-X-X-X-11X17,CBD44554-51E4-4EC8-9B2B-019C4EDAA7FB,532DEFE3-2750-4495-B4EC-019C4ED20813,1EB3DE78-1AE0-40AA-8722-019C4ED207C3,5088DE78-5449-4330-931F-019C4ECD64DA,55499001-0A74-4983-9858-019C4ECD64D5,
PLC02: STANDARD PANEL 2 DAY 2 EXERCISE,R02A,04,R02A:04,1756-N2,,"PN:=""1756-N2"";CW:=""BLANK""",405,,8F857BD5-7F0B-F111-A096-005056BE0E49,2,A,IN OFFICE ISSUE,2/16/2026 0:00,AAA,BBB,0,,,AB-56-N2-X-X-X-X-11X17,CBD44554-51E4-4EC8-9B2B-019C4EDAA7FB,532DEFE3-2750-4495-B4EC-019C4ED20813,1EB3DE78-1AE0-40AA-8722-019C4ED207C3,5088DE78-5449-4330-931F-019C4ECD64DA,55499001-0A74-4983-9858-019C4ECD64D5,
PLC02: STANDARD PANEL 2 DAY 2 EXERCISE,R02A,05,R02A:05,1756-OB32,,"PN:=""1756-OB32"";CW:=""DCO"";TS:=""Lh&F;Lj|PXC|24V""",406,TB4A,4CE4EE46-800B-F111-A096-005056BE0E49,1,B,IN OFFICE ISSUE SECOND,2/18/2026 0:00,DDD,EEE,0,,32,AB-56-OB32-F-IC-MT-X-X,E32495BF-CE01-425E-AD0B-019C4EDAD6EA,A9A4BE53-CE37-4BAC-8331-019C4ED20813,1EB3DE78-1AE0-40AA-8722-019C4ED207C3,5088DE78-5449-4330-931F-019C4ECD64DA,55499001-0A74-4983-9858-019C4ECD64D5,
PLC02: STANDARD PANEL 2 DAY 2 EXERCISE,R02A,05,R02A:05,1756-OB32,,"PN:=""1756-OB32"";CW:=""DCO"";TS:=""Lh&F;Lj|PXC|24V""",406,TB4A,90857BD5-7F0B-F111-A096-005056BE0E49,2,A,IN OFFICE ISSUE,2/16/2026 0:00,AAA,BBB,0,,32,AB-56-OB32-F-IC-MT-X-X,E32495BF-CE01-425E-AD0B-019C4EDAD6EA,A9A4BE53-CE37-4BAC-8331-019C4ED20813,1EB3DE78-1AE0-40AA-8722-019C4ED207C3,5088DE78-5449-4330-931F-019C4ECD64DA,55499001-0A74-4983-9858-019C4ECD64D5,
PLC02: STANDARD PANEL 2 DAY 2 EXERCISE,R02A,06,R02A:06,1756-OW16I,,"PN:=""1756-OW16I"";CW:=""DORLY-120"";TS:=""F;L|PXC|120V""",407,TB4B,4DE4EE46-800B-F111-A096-005056BE0E49,1,B,IN OFFICE ISSUE SECOND,2/18/2026 0:00,DDD,EEE,0,,16,AB-56-OW16I-F-IC-MT-RLY-X,42C606B6-55DB-49FF-94D8-019C4EDB1156,4DFCBDA6-D57C-4C81-BE80-019C4ED20813,1EB3DE78-1AE0-40AA-8722-019C4ED207C3,5088DE78-5449-4330-931F-019C4ECD64DA,55499001-0A74-4983-9858-019C4ECD64D5,
PLC02: STANDARD PANEL 2 DAY 2 EXERCISE,R02A,06,R02A:06,1756-OW16I,,"PN:=""1756-OW16I"";CW:=""DORLY-120"";TS:=""F;L|PXC|120V""",407,TB4B,91857BD5-7F0B-F111-A096-005056BE0E49,2,A,IN OFFICE ISSUE,2/16/2026 0:00,AAA,BBB,0,,16,AB-56-OW16I-F-IC-MT-RLY-X,42C606B6-55DB-49FF-94D8-019C4EDB1156,4DFCBDA6-D57C-4C81-BE80-019C4ED20813,1EB3DE78-1AE0-40AA-8722-019C4ED207C3,5088DE78-5449-4330-931F-019C4ECD64DA,55499001-0A74-4983-9858-019C4ECD64D5,
PLC02: STANDARD PANEL 2 DAY 2 EXERCISE,R02A,07,R02A:07,1756-N2,,"PN:=""1756-N2"";CW:=""BLANK""",408,,4EE4EE46-800B-F111-A096-005056BE0E49,1,B,IN OFFICE ISSUE SECOND,2/18/2026 0:00,DDD,EEE,0,,,AB-56-N2-X-X-X-X-11X17,DBF4A173-28D6-47DA-BB1D-019C4EDC1146,6B3DF195-2F8E-4290-AC7F-019C4ED20813,1EB3DE78-1AE0-40AA-8722-019C4ED207C3,5088DE78-5449-4330-931F-019C4ECD64DA,55499001-0A74-4983-9858-019C4ECD64D5,
PLC02: STANDARD PANEL 2 DAY 2 EXERCISE,R02A,07,R02A:07,1756-N2,,"PN:=""1756-N2"";CW:=""BLANK""",408,,92857BD5-7F0B-F111-A096-005056BE0E49,2,A,IN OFFICE ISSUE,2/16/2026 0:00,AAA,BBB,0,,,AB-56-N2-X-X-X-X-11X17,DBF4A173-28D6-47DA-BB1D-019C4EDC1146,6B3DF195-2F8E-4290-AC7F-019C4ED20813,1EB3DE78-1AE0-40AA-8722-019C4ED207C3,5088DE78-5449-4330-931F-019C4ECD64DA,55499001-0A74-4983-9858-019C4ECD64D5,
PLC02: STANDARD PANEL 2 DAY 2 EXERCISE,R02A,08,R02A:08,1756-N2,,"PN:=""1756-N2"";CW:=""BLANK""",409,,4FE4EE46-800B-F111-A096-005056BE0E49,1,B,IN OFFICE ISSUE SECOND,2/18/2026 0:00,DDD,EEE,0,,,AB-56-N2-X-X-X-X-11X17,77420DE5-A9A6-43BF-A29E-019C4EDC4ED5,461C31C8-78C8-4912-AA79-019C4ED20813,1EB3DE78-1AE0-40AA-8722-019C4ED207C3,5088DE78-5449-4330-931F-019C4ECD64DA,55499001-0A74-4983-9858-019C4ECD64D5,
PLC02: STANDARD PANEL 2 DAY 2 EXERCISE,R02A,08,R02A:08,1756-N2,,"PN:=""1756-N2"";CW:=""BLANK""",409,,93857BD5-7F0B-F111-A096-005056BE0E49,2,A,IN OFFICE ISSUE,2/16/2026 0:00,AAA,BBB,0,,,AB-56-N2-X-X-X-X-11X17,77420DE5-A9A6-43BF-A29E-019C4EDC4ED5,461C31C8-78C8-4912-AA79-019C4ED20813,1EB3DE78-1AE0-40AA-8722-019C4ED207C3,5088DE78-5449-4330-931F-019C4ECD64DA,55499001-0A74-4983-9858-019C4ECD64D5,
PLC02: STANDARD PANEL 2 DAY 2 EXERCISE,R02A,09,R02A:09,1756-N2,,"PN:=""1756-N2"";CW:=""BLANK""",410,,50E4EE46-800B-F111-A096-005056BE0E49,1,B,IN OFFICE ISSUE SECOND,2/18/2026 0:00,DDD,EEE,0,,,AB-56-N2-X-X-X-X-11X17,9960CF27-94C2-4FC9-837C-019C4EDC7610,87380818-B5EF-4CF5-8CE0-019C4ED20813,1EB3DE78-1AE0-40AA-8722-019C4ED207C3,5088DE78-5449-4330-931F-019C4ECD64DA,55499001-0A74-4983-9858-019C4ECD64D5,
PLC02: STANDARD PANEL 2 DAY 2 EXERCISE,R02A,09,R02A:09,1756-N2,,"PN:=""1756-N2"";CW:=""BLANK""",410,,94857BD5-7F0B-F111-A096-005056BE0E49,2,A,IN OFFICE ISSUE,2/16/2026 0:00,AAA,BBB,0,,,AB-56-N2-X-X-X-X-11X17,9960CF27-94C2-4FC9-837C-019C4EDC7610,87380818-B5EF-4CF5-8CE0-019C4ED20813,1EB3DE78-1AE0-40AA-8722-019C4ED207C3,5088DE78-5449-4330-931F-019C4ECD64DA,55499001-0A74-4983-9858-019C4ECD64D5,
PLC02: STANDARD PANEL 2 DAY 2 EXERCISE,R02A,10,R02A:10,1756-N2,,"PN:=""1756-N2"";CW:=""BLANK""",411,,51E4EE46-800B-F111-A096-005056BE0E49,1,B,IN OFFICE ISSUE SECOND,2/18/2026 0:00,DDD,EEE,0,,,AB-56-N2-X-X-X-X-11X17,3C29BF68-A29A-4725-80AF-019C4EDCA5AD,6ED7055F-282C-431C-AA07-019C4ED20813,1EB3DE78-1AE0-40AA-8722-019C4ED207C3,5088DE78-5449-4330-931F-019C4ECD64DA,55499001-0A74-4983-9858-019C4ECD64D5,
PLC02: STANDARD PANEL 2 DAY 2 EXERCISE,R02A,10,R02A:10,1756-N2,,"PN:=""1756-N2"";CW:=""BLANK""",411,,95857BD5-7F0B-F111-A096-005056BE0E49,2,A,IN OFFICE ISSUE,2/16/2026 0:00,AAA,BBB,0,,,AB-56-N2-X-X-X-X-11X17,3C29BF68-A29A-4725-80AF-019C4EDCA5AD,6ED7055F-282C-431C-AA07-019C4ED20813,1EB3DE78-1AE0-40AA-8722-019C4ED207C3,5088DE78-5449-4330-931F-019C4ECD64DA,55499001-0A74-4983-9858-019C4ECD64D5,
PLC02: STANDARD PANEL 2 DAY 2 EXERCISE,R02A,11,R02A:11,1756-IB32,,"PN:=""1756-IB32"";CW:=""DCI"";TS:=""Lj;L&Lc|PXC|24V""",412,TB5A,52E4EE46-800B-F111-A096-005056BE0E49,1,B,IN OFFICE ISSUE SECOND,2/18/2026 0:00,DDD,EEE,0,,32,AB-56-IB32-NF-IC-MT-SK-X,E705EB38-4BA8-4648-892F-019C4EDCC649,A84F340A-E964-44AD-BDAA-019C4ED20813,1EB3DE78-1AE0-40AA-8722-019C4ED207C3,5088DE78-5449-4330-931F-019C4ECD64DA,55499001-0A74-4983-9858-019C4ECD64D5,
PLC02: STANDARD PANEL 2 DAY 2 EXERCISE,R02A,11,R02A:11,1756-IB32,,"PN:=""1756-IB32"";CW:=""DCI"";TS:=""Lj;L&Lc|PXC|24V""",412,TB5A,96857BD5-7F0B-F111-A096-005056BE0E49,2,A,IN OFFICE ISSUE,2/16/2026 0:00,AAA,BBB,0,,32,AB-56-IB32-NF-IC-MT-SK-X,E705EB38-4BA8-4648-892F-019C4EDCC649,A84F340A-E964-44AD-BDAA-019C4ED20813,1EB3DE78-1AE0-40AA-8722-019C4ED207C3,5088DE78-5449-4330-931F-019C4ECD64DA,55499001-0A74-4983-9858-019C4ECD64D5,
PLC02: STANDARD PANEL 2 DAY 2 EXERCISE,R02A,12,R02A:12,1756-IA16I,,"PN:=""1756-IA16I"";CW:=""IDI"";TS:=""L;L|PXC|120V""",413,TB5B,53E4EE46-800B-F111-A096-005056BE0E49,1,B,IN OFFICE ISSUE SECOND,2/18/2026 0:00,DDD,EEE,0,,16,AB-56-IA16I-NF-IC-MT-X-X,BF57E778-DBCE-42CA-B4B4-019C4EDD1066,E96702A0-6179-4450-BBC3-019C4ED20813,1EB3DE78-1AE0-40AA-8722-019C4ED207C3,5088DE78-5449-4330-931F-019C4ECD64DA,55499001-0A74-4983-9858-019C4ECD64D5,
PLC02: STANDARD PANEL 2 DAY 2 EXERCISE,R02A,12,R02A:12,1756-IA16I,,"PN:=""1756-IA16I"";CW:=""IDI"";TS:=""L;L|PXC|120V""",413,TB5B,97857BD5-7F0B-F111-A096-005056BE0E49,2,A,IN OFFICE ISSUE,2/16/2026 0:00,AAA,BBB,0,,16,AB-56-IA16I-NF-IC-MT-X-X,BF57E778-DBCE-42CA-B4B4-019C4EDD1066,E96702A0-6179-4450-BBC3-019C4ED20813,1EB3DE78-1AE0-40AA-8722-019C4ED207C3,5088DE78-5449-4330-931F-019C4ECD64DA,55499001-0A74-4983-9858-019C4ECD64D5,
PLC02: STANDARD PANEL 2 DAY 2 EXERCISE,R02A,13,R02A:13,1756-N2,,"PN:=""1756-N2"";CW:=""BLANK""",414,,54E4EE46-800B-F111-A096-005056BE0E49,1,B,IN OFFICE ISSUE SECOND,2/18/2026 0:00,DDD,EEE,0,,,AB-56-N2-X-X-X-X-11X17,A3193544-B53A-47C8-86DB-019C4EDD40CE,6E5D2244-28A2-40F0-BA15-019C4ED20813,1EB3DE78-1AE0-40AA-8722-019C4ED207C3,5088DE78-5449-4330-931F-019C4ECD64DA,55499001-0A74-4983-9858-019C4ECD64D5,
PLC02: STANDARD PANEL 2 DAY 2 EXERCISE,R02A,13,R02A:13,1756-N2,,"PN:=""1756-N2"";CW:=""BLANK""",414,,98857BD5-7F0B-F111-A096-005056BE0E49,2,A,IN OFFICE ISSUE,2/16/2026 0:00,AAA,BBB,0,,,AB-56-N2-X-X-X-X-11X17,A3193544-B53A-47C8-86DB-019C4EDD40CE,6E5D2244-28A2-40F0-BA15-019C4ED20813,1EB3DE78-1AE0-40AA-8722-019C4ED207C3,5088DE78-5449-4330-931F-019C4ECD64DA,55499001-0A74-4983-9858-019C4ECD64D5,
PLC02: STANDARD PANEL 2 DAY 2 EXERCISE,R02A,14,R02A:14,1756-N2,,"PN:=""1756-N2"";CW:=""BLANK""",415,,55E4EE46-800B-F111-A096-005056BE0E49,1,B,IN OFFICE ISSUE SECOND,2/18/2026 0:00,DDD,EEE,0,,,AB-56-N2-X-X-X-X-11X17,37CED96F-5443-4BCD-8567-019C4EDDD07C,425FB837-3262-4809-87AB-019C4ED20813,1EB3DE78-1AE0-40AA-8722-019C4ED207C3,5088DE78-5449-4330-931F-019C4ECD64DA,55499001-0A74-4983-9858-019C4ECD64D5,
PLC02: STANDARD PANEL 2 DAY 2 EXERCISE,R02A,14,R02A:14,1756-N2,,"PN:=""1756-N2"";CW:=""BLANK""",415,,99857BD5-7F0B-F111-A096-005056BE0E49,2,A,IN OFFICE ISSUE,2/16/2026 0:00,AAA,BBB,0,,,AB-56-N2-X-X-X-X-11X17,37CED96F-5443-4BCD-8567-019C4EDDD07C,425FB837-3262-4809-87AB-019C4ED20813,1EB3DE78-1AE0-40AA-8722-019C4ED207C3,5088DE78-5449-4330-931F-019C4ECD64DA,55499001-0A74-4983-9858-019C4ECD64D5,
PLC02: STANDARD PANEL 2 DAY 2 EXERCISE,R02A,15,R02A:15,1756-N2,,"PN:=""1756-N2"";CW:=""BLANK""",416,,56E4EE46-800B-F111-A096-005056BE0E49,1,B,IN OFFICE ISSUE SECOND,2/18/2026 0:00,DDD,EEE,0,,,AB-56-N2-X-X-X-X-11X17,22DB14F7-1C3D-4E97-B60B-019C4EDE045E,CBFF5FCD-B123-42A6-A2D5-019C4ED20814,1EB3DE78-1AE0-40AA-8722-019C4ED207C3,5088DE78-5449-4330-931F-019C4ECD64DA,55499001-0A74-4983-9858-019C4ECD64D5,
PLC02: STANDARD PANEL 2 DAY 2 EXERCISE,R02A,15,R02A:15,1756-N2,,"PN:=""1756-N2"";CW:=""BLANK""",416,,9A857BD5-7F0B-F111-A096-005056BE0E49,2,A,IN OFFICE ISSUE,2/16/2026 0:00,AAA,BBB,0,,,AB-56-N2-X-X-X-X-11X17,22DB14F7-1C3D-4E97-B60B-019C4EDE045E,CBFF5FCD-B123-42A6-A2D5-019C4ED20814,1EB3DE78-1AE0-40AA-8722-019C4ED207C3,5088DE78-5449-4330-931F-019C4ECD64DA,55499001-0A74-4983-9858-019C4ECD64D5,
PLC02: STANDARD PANEL 2 DAY 2 EXERCISE,R02A,16,R02A:16,1756-EN4TR,,,417,,57E4EE46-800B-F111-A096-005056BE0E49,1,B,IN OFFICE ISSUE SECOND,2/18/2026 0:00,DDD,EEE,0,,,AB-56-EN4TR-X-X-X-X-X,E4CB166E-2FB4-4CFE-95FA-019C4EDE21B3,EDD1F73E-FEFA-4F49-A5AF-019C4ED20814,1EB3DE78-1AE0-40AA-8722-019C4ED207C3,5088DE78-5449-4330-931F-019C4ECD64DA,55499001-0A74-4983-9858-019C4ECD64D5,
PLC02: STANDARD PANEL 2 DAY 2 EXERCISE,R02A,16,R02A:16,1756-EN4TR,,,417,,9B857BD5-7F0B-F111-A096-005056BE0E49,2,A,IN OFFICE ISSUE,2/16/2026 0:00,AAA,BBB,0,,,AB-56-EN4TR-X-X-X-X-X,E4CB166E-2FB4-4CFE-95FA-019C4EDE21B3,EDD1F73E-FEFA-4F49-A5AF-019C4ED20814,1EB3DE78-1AE0-40AA-8722-019C4ED207C3,5088DE78-5449-4330-931F-019C4ECD64DA,55499001-0A74-4983-9858-019C4ECD64D5,
PLC02: STANDARD PANEL 2 DAY 2 EXERCISE,R10A,00,R10A:00,5069-AENTR,READY,"PN:=""5069-AENTR"";CW:=""COMM-1""",419,,8F93F446-090D-F111-A096-005056BE0E49,1,0,EPLAN TRAINING ,2/18/2026 0:00,NRM,EKS,0,,,,C2F6A846-AE93-49CD-8528-019C71C23FFB,C5E192CA-1EFC-4C09-9ECC-019C71C203BB,E7AFFBEB-C732-452E-AFB9-019C71C2036A,5088DE78-5449-4330-931F-019C4ECD64DA,55499001-0A74-4983-9858-019C4ECD64D5,
PLC02: STANDARD PANEL 2 DAY 2 EXERCISE,R10A,01,R10A:01,5069-IF8,READY,"PN:=""5069-IF8"";CW:=""AI-C-LP"";TS:=""L;L;G|PXC|24V""",420,TB99A,4F1FCF3E-090D-F111-A096-005056BE0E49,1,A,IN OFFICE ISSUE,2/18/2026 0:00,JCT,JGR,0,,8,&nbsp;,C11B6CC3-5C86-4C51-968E-019C71C2760A,779CB65A-5795-45D3-A427-019C71C203BB,E7AFFBEB-C732-452E-AFB9-019C71C2036A,5088DE78-5449-4330-931F-019C4ECD64DA,55499001-0A74-4983-9858-019C4ECD64D5,
PLC02: STANDARD PANEL 2 DAY 2 EXERCISE,R10A,02,R10A:02,5069-OB16,READY,,421,TB99B,9093F446-090D-F111-A096-005056BE0E49,1,A,IN OFFICE ISSUE,2/18/2026 0:00,LCH,RMZ,0,,16,&nbsp;,8D082E43-FD7B-4E48-A31E-019C71C29DD3,2B1D2015-A7BA-4390-869C-019C71C203BB,E7AFFBEB-C732-452E-AFB9-019C71C2036A,5088DE78-5449-4330-931F-019C4ECD64DA,55499001-0A74-4983-9858-019C4ECD64D5,
PLC02: STANDARD PANEL 2 DAY 2 EXERCISE,R10A,03,R10A:03,5069-FPD,READY,"PN:=""5069-FPD"";CW:=""POWER""",422,,75004054-090D-F111-A096-005056BE0E49,1,A,WONDERFUL,2/18/2026 0:00,STH,FJG,0,,,&nbsp;,FBBC8AEC-CBA7-41AD-A996-019C71C2AFCA,9C86FBD2-8D46-428E-87FA-019C71C203BB,E7AFFBEB-C732-452E-AFB9-019C71C2036A,5088DE78-5449-4330-931F-019C4ECD64DA,55499001-0A74-4983-9858-019C4ECD64D5,
PLC02: STANDARD PANEL 2 DAY 2 EXERCISE,R10A,04,R10A:04,5069-IA16,READY,"PN:=""5069-IA16"";CW:=""DI"";TS:=""Fj;L&Lc|PXC|120V""",423,TB99C,28D84B0A-090D-F111-A096-005056BE0E49,1,A,EPLAN TESTING,2/18/2026 0:00,MJM,MSW,0,,16,&nbsp;,8DE3E8B9-8CDC-4220-9955-019C71C2C25B,D315939F-B654-4B2D-B2BD-019C71C203BB,E7AFFBEB-C732-452E-AFB9-019C71C2036A,5088DE78-5449-4330-931F-019C4ECD64DA,55499001-0A74-4983-9858-019C4ECD64D5,
